"","SNP","chr","pos","beta.outcome","se.outcome","samplesize.outcome","pval.outcome","eaf.outcome","effect_allele.outcome","other_allele.outcome","outcome","id.outcome","originalname.outcome","outcome.deprecated","mr_keep.outcome","data_source.outcome"
"1","rs1050976","6","408079",-0.0017,0.0031,318035,0.5862,0.4667,"T","C","Body mass index || id:ieu-a-835","ieu-a-835","Body mass index","Body mass index ||  || ",TRUE,"igd"
"2","rs2859072","6","32703313",0.0019,0.0043,232191,0.6586,0.2667,"A","G","Body mass index || id:ieu-a-835","ieu-a-835","Body mass index","Body mass index ||  || ",TRUE,"igd"
"3","rs1724088","6","36978745",0.0011,0.0046,219440,0.811,0.2917,"A","G","Body mass index || id:ieu-a-835","ieu-a-835","Body mass index","Body mass index ||  || ",TRUE,"igd"
"4","rs10036386","5","76543603",-0.004,0.0033,316173,0.2157,0.45,"T","C","Body mass index || id:ieu-a-835","ieu-a-835","Body mass index","Body mass index ||  || ",TRUE,"igd"
"5","rs9296079","6","33072539",-0.0091,0.0112,228096,0.4165,0.0333,"T","G","Body mass index || id:ieu-a-835","ieu-a-835","Body mass index","Body mass index ||  || ",TRUE,"igd"
"6","rs2248605","13","24831467",0.0023,0.0042,233973,0.584,0.7167,"G","A","Body mass index || id:ieu-a-835","ieu-a-835","Body mass index","Body mass index ||  || ",TRUE,"igd"
"7","rs6505765","18","12782849",-0.0116,0.004,233978,0.00373199,0.2917,"G","C","Body mass index || id:ieu-a-835","ieu-a-835","Body mass index","Body mass index ||  || ",TRUE,"igd"
"8","rs7417283","1","108303686",-0.0063,0.0049,233697,0.1985,0.8417,"T","C","Body mass index || id:ieu-a-835","ieu-a-835","Body mass index","Body mass index ||  || ",TRUE,"igd"
"9","rs367023","2","8450123",-0.0029,0.0041,233877,0.4794,0.3333,"G","A","Body mass index || id:ieu-a-835","ieu-a-835","Body mass index","Body mass index ||  || ",TRUE,"igd"
"10","rs2476601","1","114377568",2e-04,0.005,319990,0.9701,0.8583,"G","A","Body mass index || id:ieu-a-835","ieu-a-835","Body mass index","Body mass index ||  || ",TRUE,"igd"
"11","rs17020139","1","108369483",0.0044,0.0063,233652,0.4849,0.07627,"A","G","Body mass index || id:ieu-a-835","ieu-a-835","Body mass index","Body mass index ||  || ",TRUE,"igd"
"12","rs9291444","4","10713674",-0.0019,0.0038,232452,0.617101,0.4667,"T","C","Body mass index || id:ieu-a-835","ieu-a-835","Body mass index","Body mass index ||  || ",TRUE,"igd"
"13","rs12697352","5","35837234",2e-04,0.004,233866,0.9601,0.2833,"A","G","Body mass index || id:ieu-a-835","ieu-a-835","Body mass index","Body mass index ||  || ",TRUE,"igd"
"14","rs970987","9","21585265",6e-04,0.004,233786,0.8808,0.6833,"A","C","Body mass index || id:ieu-a-835","ieu-a-835","Body mass index","Body mass index ||  || ",TRUE,"igd"
"15","rs4804433","19","7240776",-3e-04,0.0047,233229,0.9491,0.7583,"T","G","Body mass index || id:ieu-a-835","ieu-a-835","Body mass index","Body mass index ||  || ",TRUE,"igd"
"16","rs11177053","12","68499237",1e-04,0.0038,234000,0.979,0.4,"C","T","Body mass index || id:ieu-a-835","ieu-a-835","Body mass index","Body mass index ||  || ",TRUE,"igd"
"17","rs484959","1","110366083",-0.0029,0.0031,320052,0.3516,0.525,"C","T","Body mass index || id:ieu-a-835","ieu-a-835","Body mass index","Body mass index ||  || ",TRUE,"igd"
"18","rs2111485","2","163110536",-9e-04,0.0032,322091,0.7787,0.6,"G","A","Body mass index || id:ieu-a-835","ieu-a-835","Body mass index","Body mass index ||  || ",TRUE,"igd"
"19","rs6739788","2","55862355",-0.0196,0.0083,221984,0.0181999,0.025,"T","A","Body mass index || id:ieu-a-835","ieu-a-835","Body mass index","Body mass index ||  || ",TRUE,"igd"
"20","rs3087243","2","204738919",0.0075,0.0031,321985,0.0164199,0.4583,"A","G","Body mass index || id:ieu-a-835","ieu-a-835","Body mass index","Body mass index ||  || ",TRUE,"igd"
"21","rs7090530","10","6110875",-0.0031,0.0038,233983,0.4146,0.6667,"A","C","Body mass index || id:ieu-a-835","ieu-a-835","Body mass index","Body mass index ||  || ",TRUE,"igd"
"22","rs6798068","3","108162362",-0.0072,0.0041,233959,0.0790697,0.3167,"A","G","Body mass index || id:ieu-a-835","ieu-a-835","Body mass index","Body mass index ||  || ",TRUE,"igd"
"23","rs10956412","8","129162497",3e-04,0.0054,233733,0.9557,0.15,"C","A","Body mass index || id:ieu-a-835","ieu-a-835","Body mass index","Body mass index ||  || ",TRUE,"igd"
"24","rs2823272","21","16798586",-0.0051,0.0042,232783,0.2246,0.3333,"A","T","Body mass index || id:ieu-a-835","ieu-a-835","Body mass index","Body mass index ||  || ",TRUE,"igd"
"25","rs6111715","20","17860022",-0.0058,0.0062,200645,0.3495,0.225,"C","G","Body mass index || id:ieu-a-835","ieu-a-835","Body mass index","Body mass index ||  || ",TRUE,"igd"
"26","rs11822813","11","93912638",-8e-04,0.0068,234019,0.9063,0.075,"G","A","Body mass index || id:ieu-a-835","ieu-a-835","Body mass index","Body mass index ||  || ",TRUE,"igd"
"27","rs12191243","6","135446826",0.0039,0.0044,233977,0.3754,0.2333,"G","C","Body mass index || id:ieu-a-835","ieu-a-835","Body mass index","Body mass index ||  || ",TRUE,"igd"
"28","rs761357","6","135902599",0.0079,0.004,233323,0.0482703,0.3333,"T","A","Body mass index || id:ieu-a-835","ieu-a-835","Body mass index","Body mass index ||  || ",TRUE,"igd"
"29","rs1079418","6","166047034",-8e-04,0.0042,233631,0.8489,0.2667,"G","A","Body mass index || id:ieu-a-835","ieu-a-835","Body mass index","Body mass index ||  || ",TRUE,"igd"
"30","rs3093665","6","31545391",-0.0088,0.0133,240717,0.5064,0.01695,"C","A","Body mass index || id:ieu-a-835","ieu-a-835","Body mass index","Body mass index ||  || ",TRUE,"igd"
"31","rs9296009","6","32114515",0.0024,0.0047,232608,0.6096,0.2917,"T","A","Body mass index || id:ieu-a-835","ieu-a-835","Body mass index","Body mass index ||  || ",TRUE,"igd"
"32","rs28157","5","102595837",0.0052,0.0041,233977,0.2047,0.3833,"T","G","Body mass index || id:ieu-a-835","ieu-a-835","Body mass index","Body mass index ||  || ",TRUE,"igd"
"33","rs4835536","4","149662857",0.0013,0.0047,233941,0.782099,0.2083,"T","G","Body mass index || id:ieu-a-835","ieu-a-835","Body mass index","Body mass index ||  || ",TRUE,"igd"
"34","rs7582694","2","191970120",-0.0033,0.0037,320568,0.3796,0.7917,"G","C","Body mass index || id:ieu-a-835","ieu-a-835","Body mass index","Body mass index ||  || ",TRUE,"igd"
"35","rs11675342","2","1407628",-0.0014,0.0038,233433,0.7126,0.3917,"T","C","Body mass index || id:ieu-a-835","ieu-a-835","Body mass index","Body mass index ||  || ",TRUE,"igd"
"36","rs6452444","5","71685736",0.0093,0.0043,233972,0.0305598,0.7583,"C","T","Body mass index || id:ieu-a-835","ieu-a-835","Body mass index","Body mass index ||  || ",TRUE,"igd"
"37","rs10859679","12","94556678",-0.0078,0.0053,221889,0.1411,0.8417,"C","A","Body mass index || id:ieu-a-835","ieu-a-835","Body mass index","Body mass index ||  || ",TRUE,"igd"
"38","rs9357120","6","31230717",-0.0075,0.0041,231811,0.0673597,0.2083,"A","T","Body mass index || id:ieu-a-835","ieu-a-835","Body mass index","Body mass index ||  || ",TRUE,"igd"
"39","rs10761620","10","64057202",0.0039,0.0038,233404,0.3047,0.5583,"G","A","Body mass index || id:ieu-a-835","ieu-a-835","Body mass index","Body mass index ||  || ",TRUE,"igd"
"40","rs10424978","19","4837557",-9e-04,0.0042,227320,0.8303,0.5583,"A","C","Body mass index || id:ieu-a-835","ieu-a-835","Body mass index","Body mass index ||  || ",TRUE,"igd"
"41","rs12482947","21","43852037",-0.0014,0.0041,233344,0.732799,0.5667,"C","T","Body mass index || id:ieu-a-835","ieu-a-835","Body mass index","Body mass index ||  || ",TRUE,"igd"
"42","rs11782370","8","23370018",-0.0129,0.0046,233878,0.00504197,0.25,"T","C","Body mass index || id:ieu-a-835","ieu-a-835","Body mass index","Body mass index ||  || ",TRUE,"igd"
"43","rs9347170","6","167405187",0.0047,0.004,233898,0.24,0.3667,"T","C","Body mass index || id:ieu-a-835","ieu-a-835","Body mass index","Body mass index ||  || ",TRUE,"igd"
"44","rs11258303","10","6405534",0.007,0.0043,233049,0.1035,0.7583,"A","C","Body mass index || id:ieu-a-835","ieu-a-835","Body mass index","Body mass index ||  || ",TRUE,"igd"
"45","rs10930013","2","162070325",0.0026,0.0037,233985,0.4822,0.5167,"A","G","Body mass index || id:ieu-a-835","ieu-a-835","Body mass index","Body mass index ||  || ",TRUE,"igd"
"46","rs4444866","4","40307533",0.0013,0.0039,284112,0.7375,0.2583,"T","C","Body mass index || id:ieu-a-835","ieu-a-835","Body mass index","Body mass index ||  || ",TRUE,"igd"
"47","rs7005834","8","134214204",-0.0026,0.0042,232451,0.5359,0.2917,"T","C","Body mass index || id:ieu-a-835","ieu-a-835","Body mass index","Body mass index ||  || ",TRUE,"igd"
"48","rs7850258","9","100549013",-0.0021,0.004,234005,0.599601,0.5667,"G","A","Body mass index || id:ieu-a-835","ieu-a-835","Body mass index","Body mass index ||  || ",TRUE,"igd"
"49","rs11256448","10","6079479",0.0018,0.0043,232924,0.675499,0.2083,"G","A","Body mass index || id:ieu-a-835","ieu-a-835","Body mass index","Body mass index ||  || ",TRUE,"igd"
"50","rs1561924","8","129569371",-0.0019,0.0056,234020,0.734401,0.175,"A","G","Body mass index || id:ieu-a-835","ieu-a-835","Body mass index","Body mass index ||  || ",TRUE,"igd"
"51","rs1257926","14","98692996",0.0045,0.0037,233961,0.2239,0.5333,"A","G","Body mass index || id:ieu-a-835","ieu-a-835","Body mass index","Body mass index ||  || ",TRUE,"igd"
"52","rs1872691","16","50350210",-0.0045,0.0048,233070,0.3485,0.2167,"A","G","Body mass index || id:ieu-a-835","ieu-a-835","Body mass index","Body mass index ||  || ",TRUE,"igd"
"53","rs4794063","17","45804494",0.0105,0.0043,233865,0.01461,0.2667,"T","C","Body mass index || id:ieu-a-835","ieu-a-835","Body mass index","Body mass index ||  || ",TRUE,"igd"
"54","rs1549142","19","18383794",-0.001,0.0046,231942,0.8279,0.2083,"T","C","Body mass index || id:ieu-a-835","ieu-a-835","Body mass index","Body mass index ||  || ",TRUE,"igd"
"55","rs1810396","8","133918769",-0.0024,0.0041,233964,0.5583,0.6333,"G","A","Body mass index || id:ieu-a-835","ieu-a-835","Body mass index","Body mass index ||  || ",TRUE,"igd"
"56","rs5865","2","98373006",-0.0057,0.004,233798,0.1542,0.625,"T","C","Body mass index || id:ieu-a-835","ieu-a-835","Body mass index","Body mass index ||  || ",TRUE,"igd"
"57","rs1534430","2","12644736",0.0011,0.0038,233079,0.7722,0.3833,"T","C","Body mass index || id:ieu-a-835","ieu-a-835","Body mass index","Body mass index ||  || ",TRUE,"igd"
"58","rs6603785","1","1186502",-0.0075,0.0106,165964,0.4792,0.08333,"T","A","Body mass index || id:ieu-a-835","ieu-a-835","Body mass index","Body mass index ||  || ",TRUE,"igd"
"59","rs7441808","4","26090375",1e-04,0.0034,321464,0.9668,0.3583,"G","A","Body mass index || id:ieu-a-835","ieu-a-835","Body mass index","Body mass index ||  || ",TRUE,"igd"
"60","rs7649344","3","37006396",-0.0053,0.0038,230307,0.1631,0.475,"C","T","Body mass index || id:ieu-a-835","ieu-a-835","Body mass index","Body mass index ||  || ",TRUE,"igd"
"61","rs1599795","3","119243855",6e-04,0.0047,234021,0.8984,0.1583,"A","T","Body mass index || id:ieu-a-835","ieu-a-835","Body mass index","Body mass index ||  || ",TRUE,"igd"
"62","rs9697210","9","131468740",-0.0101,0.0072,176485,0.1607,0.1552,"A","G","Body mass index || id:ieu-a-835","ieu-a-835","Body mass index","Body mass index ||  || ",TRUE,"igd"
"63","rs3784099","14","68749927",0.0049,0.0041,233908,0.232,0.3083,"A","G","Body mass index || id:ieu-a-835","ieu-a-835","Body mass index","Body mass index ||  || ",TRUE,"igd"
"64","rs9562955","13","50811155",0.0042,0.0069,221130,0.5427,0.1083,"T","G","Body mass index || id:ieu-a-835","ieu-a-835","Body mass index","Body mass index ||  || ",TRUE,"igd"
"65","rs4820437","22","41761290",0.0086,0.0044,233988,0.0506396,0.2417,"C","T","Body mass index || id:ieu-a-835","ieu-a-835","Body mass index","Body mass index ||  || ",TRUE,"igd"
"66","rs244672","5","133419283",-0.0041,0.0056,233765,0.4641,0.8667,"T","C","Body mass index || id:ieu-a-835","ieu-a-835","Body mass index","Body mass index ||  || ",TRUE,"igd"
"67","rs9497965","6","148521292",0.0046,0.004,233818,0.2501,0.4083,"T","C","Body mass index || id:ieu-a-835","ieu-a-835","Body mass index","Body mass index ||  || ",TRUE,"igd"
"68","rs3184504","12","111884608",0.0139,0.0031,319031,9.3491e-06,0.5917,"C","T","Body mass index || id:ieu-a-835","ieu-a-835","Body mass index","Body mass index ||  || ",TRUE,"igd"
"69","rs8054578","16","79316815",-0.0062,0.0044,231276,0.1588,0.7333,"G","A","Body mass index || id:ieu-a-835","ieu-a-835","Body mass index","Body mass index ||  || ",TRUE,"igd"
"70","rs2284169","6","30172385",-0.0012,0.0051,232624,0.814,0.1833,"C","A","Body mass index || id:ieu-a-835","ieu-a-835","Body mass index","Body mass index ||  || ",TRUE,"igd"
"71","rs2234167","1","2494330",0.0094,0.0054,233990,0.0817297,0.1,"A","G","Body mass index || id:ieu-a-835","ieu-a-835","Body mass index","Body mass index ||  || ",TRUE,"igd"
"72","rs4320727","1","25351581",0.0011,0.004,233439,0.7833,0.6316,"A","G","Body mass index || id:ieu-a-835","ieu-a-835","Body mass index","Body mass index ||  || ",TRUE,"igd"
"73","rs3775291","4","187004074",-0.0048,0.0041,233982,0.2417,0.325,"T","C","Body mass index || id:ieu-a-835","ieu-a-835","Body mass index","Body mass index ||  || ",TRUE,"igd"
"74","rs229540","22","37591290",-0.0037,0.0037,233929,0.3173,0.4,"G","T","Body mass index || id:ieu-a-835","ieu-a-835","Body mass index","Body mass index ||  || ",TRUE,"igd"
"75","rs4409785","11","95311422",-0.0041,0.0054,220733,0.4477,0.1167,"C","T","Body mass index || id:ieu-a-835","ieu-a-835","Body mass index","Body mass index ||  || ",TRUE,"igd"
"76","rs7936397","11","577534",-0.0136,0.0044,233679,0.00199499,0.225,"A","G","Body mass index || id:ieu-a-835","ieu-a-835","Body mass index","Body mass index ||  || ",TRUE,"igd"
"77","rs12271161","11","116979911",0.006,0.0047,233908,0.2017,0.15,"A","G","Body mass index || id:ieu-a-835","ieu-a-835","Body mass index","Body mass index ||  || ",TRUE,"igd"
"78","rs1032129","8","119951900",-9e-04,0.004,233928,0.822,0.3167,"C","A","Body mass index || id:ieu-a-835","ieu-a-835","Body mass index","Body mass index ||  || ",TRUE,"igd"
