"","SNP","effect_allele.exposure","other_allele.exposure","effect_allele.outcome","other_allele.outcome","beta.exposure","beta.outcome","eaf.exposure","eaf.outcome","remove","palindromic","ambiguous","id.outcome","chr","pos","se.outcome","samplesize.outcome","pval.outcome","outcome","originalname.outcome","outcome.deprecated","mr_keep.outcome","data_source.outcome","pos.exposure","se.exposure","chr.exposure","pval.exposure","samplesize.exposure","id.exposure","exposure","mr_keep.exposure","pval_origin.exposure","data_source.exposure","action","mr_keep"
"1","rs10036386","T","C","T","C",0.00325403,-0.004,0.381756,0.45,FALSE,FALSE,FALSE,"ieu-a-835","5","76543603",0.0033,316173,0.2157,"Body mass index || id:ieu-a-835","Body mass index","Body mass index ||  || ",TRUE,"igd",76543603,0.000456067,"5",9.70063e-13,462933,"ukb-b-19732"," || id:ukb-b-19732",TRUE,"reported","igd",2,TRUE
"2","rs1032129","C","A","C","A",-0.00291718,-9e-04,0.355643,0.3167,FALSE,FALSE,FALSE,"ieu-a-835","8","119951900",0.004,233928,0.822,"Body mass index || id:ieu-a-835","Body mass index","Body mass index ||  || ",TRUE,"igd",119951900,0.000463982,"8",3.2e-10,462933,"ukb-b-19732"," || id:ukb-b-19732",TRUE,"reported","igd",2,TRUE
"3","rs10424978","A","C","A","C",-0.00446528,-9e-04,0.600212,0.5583,FALSE,FALSE,FALSE,"ieu-a-835","19","4837557",0.0042,227320,0.8303,"Body mass index || id:ieu-a-835","Body mass index","Body mass index ||  || ",TRUE,"igd",4837557,0.000457214,"19",1.59993e-22,462933,"ukb-b-19732"," || id:ukb-b-19732",TRUE,"reported","igd",2,TRUE
"4","rs1050976","T","C","T","C",0.00323263,-0.0017,0.528663,0.4667,FALSE,FALSE,FALSE,"ieu-a-835","6","408079",0.0031,318035,0.5862,"Body mass index || id:ieu-a-835","Body mass index","Body mass index ||  || ",TRUE,"igd",408079,0.00044275,"6",2.90001e-13,462933,"ukb-b-19732"," || id:ukb-b-19732",TRUE,"reported","igd",2,TRUE
"5","rs10761620","G","A","G","A",-0.00342203,0.0039,0.548879,0.5583,FALSE,FALSE,FALSE,"ieu-a-835","10","64057202",0.0038,233404,0.3047,"Body mass index || id:ieu-a-835","Body mass index","Body mass index ||  || ",TRUE,"igd",64057202,0.000447067,"10",1.9002e-14,462933,"ukb-b-19732"," || id:ukb-b-19732",TRUE,"reported","igd",2,TRUE
"6","rs1079418","G","A","G","A",-0.00291954,-8e-04,0.306766,0.2667,FALSE,FALSE,FALSE,"ieu-a-835","6","166047034",0.0042,233631,0.8489,"Body mass index || id:ieu-a-835","Body mass index","Body mass index ||  || ",TRUE,"igd",166047034,0.000479886,"6",1.2e-09,462933,"ukb-b-19732"," || id:ukb-b-19732",TRUE,"reported","igd",2,TRUE
"7","rs10859679","C","A","C","A",0.00344297,-0.0078,0.847591,0.8417,FALSE,FALSE,FALSE,"ieu-a-835","12","94556678",0.0053,221889,0.1411,"Body mass index || id:ieu-a-835","Body mass index","Body mass index ||  || ",TRUE,"igd",94556678,0.000616684,"12",2.39999e-08,462933,"ukb-b-19732"," || id:ukb-b-19732",TRUE,"reported","igd",2,TRUE
"8","rs10930013","A","G","A","G",0.00264481,0.0026,0.495893,0.5167,FALSE,FALSE,FALSE,"ieu-a-835","2","162070325",0.0037,233985,0.4822,"Body mass index || id:ieu-a-835","Body mass index","Body mass index ||  || ",TRUE,"igd",162070325,0.000443039,"2",2.39999e-09,462933,"ukb-b-19732"," || id:ukb-b-19732",TRUE,"reported","igd",2,TRUE
"9","rs10956412","C","A","C","A",-0.00427048,3e-04,0.165231,0.15,FALSE,FALSE,FALSE,"ieu-a-835","8","129162497",0.0054,233733,0.9557,"Body mass index || id:ieu-a-835","Body mass index","Body mass index ||  || ",TRUE,"igd",129162497,0.000599715,"8",1.10002e-12,462933,"ukb-b-19732"," || id:ukb-b-19732",TRUE,"reported","igd",2,TRUE
"10","rs11177053","C","T","C","T",-0.00252719,1e-04,0.405673,0.4,FALSE,FALSE,FALSE,"ieu-a-835","12","68499237",0.0038,234000,0.979,"Body mass index || id:ieu-a-835","Body mass index","Body mass index ||  || ",TRUE,"igd",68499237,0.000450723,"12",2.1e-08,462933,"ukb-b-19732"," || id:ukb-b-19732",TRUE,"reported","igd",2,TRUE
"11","rs11256448","G","A","G","A",0.00341538,0.0018,0.246452,0.2083,FALSE,FALSE,FALSE,"ieu-a-835","10","6079479",0.0043,232924,0.675499,"Body mass index || id:ieu-a-835","Body mass index","Body mass index ||  || ",TRUE,"igd",6079479,0.000514403,"10",3.10027e-11,462933,"ukb-b-19732"," || id:ukb-b-19732",TRUE,"reported","igd",2,TRUE
"12","rs11258303","A","C","A","C",0.00369839,0.007,0.745998,0.7583,FALSE,FALSE,FALSE,"ieu-a-835","10","6405534",0.0043,233049,0.1035,"Body mass index || id:ieu-a-835","Body mass index","Body mass index ||  || ",TRUE,"igd",6405534,0.000510157,"10",4.19952e-13,462933,"ukb-b-19732"," || id:ukb-b-19732",TRUE,"reported","igd",2,TRUE
"13","rs11675342","T","C","T","C",0.00503964,-0.0014,0.423499,0.3917,FALSE,FALSE,FALSE,"ieu-a-835","2","1407628",0.0038,233433,0.7126,"Body mass index || id:ieu-a-835","Body mass index","Body mass index ||  || ",TRUE,"igd",1407628,0.000448544,"2",2.70023e-29,462933,"ukb-b-19732"," || id:ukb-b-19732",TRUE,"reported","igd",2,TRUE
"14","rs11782370","T","C","T","C",-0.00284489,-0.0129,0.23939,0.25,FALSE,FALSE,FALSE,"ieu-a-835","8","23370018",0.0046,233878,0.00504197,"Body mass index || id:ieu-a-835","Body mass index","Body mass index ||  || ",TRUE,"igd",23370018,0.000519874,"8",4.39997e-08,462933,"ukb-b-19732"," || id:ukb-b-19732",TRUE,"reported","igd",2,TRUE
"15","rs11822813","G","A","G","A",-0.00501907,-8e-04,0.075142,0.075,FALSE,FALSE,FALSE,"ieu-a-835","11","93912638",0.0068,234019,0.9063,"Body mass index || id:ieu-a-835","Body mass index","Body mass index ||  || ",TRUE,"igd",93912638,0.000841223,"11",2.39999e-09,462933,"ukb-b-19732"," || id:ukb-b-19732",TRUE,"reported","igd",2,TRUE
"16","rs12191243","G","C","G","C",0.00290066,0.0039,0.232607,0.2333,FALSE,TRUE,FALSE,"ieu-a-835","6","135446826",0.0044,233977,0.3754,"Body mass index || id:ieu-a-835","Body mass index","Body mass index ||  || ",TRUE,"igd",135446826,0.00052317,"6",2.90001e-08,462933,"ukb-b-19732"," || id:ukb-b-19732",TRUE,"reported","igd",2,TRUE
"17","rs12271161","A","G","A","G",-0.00357831,0.006,0.193684,0.15,FALSE,FALSE,FALSE,"ieu-a-835","11","116979911",0.0047,233908,0.2017,"Body mass index || id:ieu-a-835","Body mass index","Body mass index ||  || ",TRUE,"igd",116979911,0.000560669,"11",1.7e-10,462933,"ukb-b-19732"," || id:ukb-b-19732",TRUE,"reported","igd",2,TRUE
"18","rs12482947","C","T","C","T",0.00265295,-0.0014,0.600811,0.5667,FALSE,FALSE,FALSE,"ieu-a-835","21","43852037",0.0041,233344,0.732799,"Body mass index || id:ieu-a-835","Body mass index","Body mass index ||  || ",TRUE,"igd",43852037,0.000455043,"21",5.49997e-09,462933,"ukb-b-19732"," || id:ukb-b-19732",TRUE,"reported","igd",2,TRUE
"19","rs1257926","A","G","A","G",0.00276785,0.0045,0.475131,0.5333,FALSE,FALSE,FALSE,"ieu-a-835","14","98692996",0.0037,233961,0.2239,"Body mass index || id:ieu-a-835","Body mass index","Body mass index ||  || ",TRUE,"igd",98692996,0.000444491,"14",4.79999e-10,462933,"ukb-b-19732"," || id:ukb-b-19732",TRUE,"reported","igd",2,TRUE
"20","rs12697352","A","G","A","G",-0.00260443,2e-04,0.339773,0.2833,FALSE,FALSE,FALSE,"ieu-a-835","5","35837234",0.004,233866,0.9601,"Body mass index || id:ieu-a-835","Body mass index","Body mass index ||  || ",TRUE,"igd",35837234,0.000467942,"5",2.59998e-08,462933,"ukb-b-19732"," || id:ukb-b-19732",TRUE,"reported","igd",2,TRUE
"21","rs1534430","T","C","T","C",-0.0038558,0.0011,0.390296,0.3833,FALSE,FALSE,FALSE,"ieu-a-835","2","12644736",0.0038,233079,0.7722,"Body mass index || id:ieu-a-835","Body mass index","Body mass index ||  || ",TRUE,"igd",12644736,0.000454605,"2",2.19989e-17,462933,"ukb-b-19732"," || id:ukb-b-19732",TRUE,"reported","igd",2,TRUE
"22","rs1549142","T","C","T","C",0.00388914,-0.001,0.227636,0.2083,FALSE,FALSE,FALSE,"ieu-a-835","19","18383794",0.0046,231942,0.8279,"Body mass index || id:ieu-a-835","Body mass index","Body mass index ||  || ",TRUE,"igd",18383794,0.000529806,"19",2.09991e-13,462933,"ukb-b-19732"," || id:ukb-b-19732",TRUE,"reported","igd",2,TRUE
"23","rs1561924","A","G","A","G",-0.00471619,-0.0019,0.128538,0.175,FALSE,FALSE,FALSE,"ieu-a-835","8","129569371",0.0056,234020,0.734401,"Body mass index || id:ieu-a-835","Body mass index","Body mass index ||  || ",TRUE,"igd",129569371,0.000666135,"8",1.39991e-12,462933,"ukb-b-19732"," || id:ukb-b-19732",TRUE,"reported","igd",2,TRUE
"24","rs1599795","A","T","A","T",0.00392687,6e-04,0.191681,0.1583,FALSE,TRUE,FALSE,"ieu-a-835","3","119243855",0.0047,234021,0.8984,"Body mass index || id:ieu-a-835","Body mass index","Body mass index ||  || ",TRUE,"igd",119243855,0.000562101,"3",2.80027e-12,462933,"ukb-b-19732"," || id:ukb-b-19732",TRUE,"reported","igd",2,TRUE
"25","rs17020139","A","G","A","G",0.01175,0.0044,0.088639,0.07627,FALSE,FALSE,FALSE,"ieu-a-835","1","108369483",0.0063,233652,0.4849,"Body mass index || id:ieu-a-835","Body mass index","Body mass index ||  || ",TRUE,"igd",108369483,0.000778526,"1",1.80011e-51,462933,"ukb-b-19732"," || id:ukb-b-19732",TRUE,"reported","igd",2,TRUE
"26","rs1724088","A","G","A","G",0.00276177,0.0011,0.285654,0.2917,FALSE,FALSE,FALSE,"ieu-a-835","6","36978745",0.0046,219440,0.811,"Body mass index || id:ieu-a-835","Body mass index","Body mass index ||  || ",TRUE,"igd",36978745,0.000490596,"6",1.79999e-08,462933,"ukb-b-19732"," || id:ukb-b-19732",TRUE,"reported","igd",2,TRUE
"27","rs1810396","G","A","G","A",-0.00388373,-0.0024,0.68916,0.6333,FALSE,FALSE,FALSE,"ieu-a-835","8","133918769",0.0041,233964,0.5583,"Body mass index || id:ieu-a-835","Body mass index","Body mass index ||  || ",TRUE,"igd",133918769,0.000478388,"8",4.70002e-16,462933,"ukb-b-19732"," || id:ukb-b-19732",TRUE,"reported","igd",2,TRUE
"28","rs1872691","A","G","A","G",-0.00365252,-0.0045,0.182203,0.2167,FALSE,FALSE,FALSE,"ieu-a-835","16","50350210",0.0048,233070,0.3485,"Body mass index || id:ieu-a-835","Body mass index","Body mass index ||  || ",TRUE,"igd",50350210,0.000574796,"16",2.1e-10,462933,"ukb-b-19732"," || id:ukb-b-19732",TRUE,"reported","igd",2,TRUE
"29","rs2111485","G","A","G","A",0.00376377,-9e-04,0.606734,0.6,FALSE,FALSE,FALSE,"ieu-a-835","2","163110536",0.0032,322091,0.7787,"Body mass index || id:ieu-a-835","Body mass index","Body mass index ||  || ",TRUE,"igd",163110536,0.000452646,"2",9.20026e-17,462933,"ukb-b-19732"," || id:ukb-b-19732",TRUE,"reported","igd",2,TRUE
"30","rs2234167","A","G","A","G",0.00425404,0.0094,0.133643,0.1,FALSE,FALSE,FALSE,"ieu-a-835","1","2494330",0.0054,233990,0.0817297,"Body mass index || id:ieu-a-835","Body mass index","Body mass index ||  || ",TRUE,"igd",2494330,0.000649951,"1",5.90065e-11,462933,"ukb-b-19732"," || id:ukb-b-19732",TRUE,"reported","igd",2,TRUE
"31","rs2248605","G","A","G","A",-0.00272107,0.0023,0.732349,0.7167,FALSE,FALSE,FALSE,"ieu-a-835","13","24831467",0.0042,233973,0.584,"Body mass index || id:ieu-a-835","Body mass index","Body mass index ||  || ",TRUE,"igd",24831467,0.000498977,"13",4.90004e-08,462933,"ukb-b-19732"," || id:ukb-b-19732",TRUE,"reported","igd",2,TRUE
"32","rs2284169","C","A","C","A",-0.00558387,-0.0012,0.153145,0.1833,FALSE,FALSE,FALSE,"ieu-a-835","6","30172385",0.0051,232624,0.814,"Body mass index || id:ieu-a-835","Body mass index","Body mass index ||  || ",TRUE,"igd",30172385,0.000613605,"6",8.99912e-20,462933,"ukb-b-19732"," || id:ukb-b-19732",TRUE,"reported","igd",2,TRUE
"33","rs229540","G","T","G","T",0.00506701,-0.0037,0.425501,0.4,FALSE,FALSE,FALSE,"ieu-a-835","22","37591290",0.0037,233929,0.3173,"Body mass index || id:ieu-a-835","Body mass index","Body mass index ||  || ",TRUE,"igd",37591290,0.000448278,"22",1.29987e-29,462933,"ukb-b-19732"," || id:ukb-b-19732",TRUE,"reported","igd",2,TRUE
"34","rs244672","T","C","T","C",-0.00489012,-0.0041,0.875169,0.8667,FALSE,FALSE,FALSE,"ieu-a-835","5","133419283",0.0056,233765,0.4641,"Body mass index || id:ieu-a-835","Body mass index","Body mass index ||  || ",TRUE,"igd",133419283,0.000669824,"5",2.90001e-13,462933,"ukb-b-19732"," || id:ukb-b-19732",TRUE,"reported","igd",2,TRUE
"35","rs2476601","G","A","G","A",-0.0203664,2e-04,0.899226,0.8583,FALSE,FALSE,FALSE,"ieu-a-835","1","114377568",0.005,319990,0.9701,"Body mass index || id:ieu-a-835","Body mass index","Body mass index ||  || ",TRUE,"igd",114377568,0.000733659,"1",1.30017e-169,462933,"ukb-b-19732"," || id:ukb-b-19732",TRUE,"reported","igd",2,TRUE
"36","rs28157","T","G","T","G",-0.00330258,0.0052,0.315166,0.3833,FALSE,FALSE,FALSE,"ieu-a-835","5","102595837",0.0041,233977,0.2047,"Body mass index || id:ieu-a-835","Body mass index","Body mass index ||  || ",TRUE,"igd",102595837,0.000477667,"5",4.70002e-12,462933,"ukb-b-19732"," || id:ukb-b-19732",TRUE,"reported","igd",2,TRUE
"37","rs2823272","A","T","A","T",-0.00331291,-0.0051,0.315449,0.3333,FALSE,TRUE,FALSE,"ieu-a-835","21","16798586",0.0042,232783,0.2246,"Body mass index || id:ieu-a-835","Body mass index","Body mass index ||  || ",TRUE,"igd",16798586,0.000477656,"21",4.00037e-12,462933,"ukb-b-19732"," || id:ukb-b-19732",TRUE,"reported","igd",2,TRUE
"38","rs2859072","A","G","A","G",-0.00430407,0.0019,0.258514,0.2667,FALSE,FALSE,FALSE,"ieu-a-835","6","32703313",0.0043,232191,0.6586,"Body mass index || id:ieu-a-835","Body mass index","Body mass index ||  || ",TRUE,"igd",32703313,0.000509195,"6",2.80027e-17,462933,"ukb-b-19732"," || id:ukb-b-19732",TRUE,"reported","igd",2,TRUE
"39","rs3087243","A","G","A","G",-0.00855563,0.0075,0.450735,0.4583,FALSE,FALSE,FALSE,"ieu-a-835","2","204738919",0.0031,321985,0.0164199,"Body mass index || id:ieu-a-835","Body mass index","Body mass index ||  || ",TRUE,"igd",204738919,0.000444702,"2",1.69981e-82,462933,"ukb-b-19732"," || id:ukb-b-19732",TRUE,"reported","igd",2,TRUE
"40","rs3093665","C","A","C","A",0.00941669,-0.0088,0.020991,0.01695,FALSE,FALSE,FALSE,"ieu-a-835","6","31545391",0.0133,240717,0.5064,"Body mass index || id:ieu-a-835","Body mass index","Body mass index ||  || ",TRUE,"igd",31545391,0.00153998,"6",9.69996e-10,462933,"ukb-b-19732"," || id:ukb-b-19732",TRUE,"reported","igd",2,TRUE
"41","rs3184504","C","T","C","T",-0.0101405,0.0139,0.517278,0.5917,FALSE,FALSE,FALSE,"ieu-a-835","12","111884608",0.0031,319031,9.3491e-06,"Body mass index || id:ieu-a-835","Body mass index","Body mass index ||  || ",TRUE,"igd",111884608,0.00044244,"12",2.99916e-116,462933,"ukb-b-19732"," || id:ukb-b-19732",TRUE,"reported","igd",2,TRUE
"42","rs367023","G","A","G","A",-0.00305345,-0.0029,0.295821,0.3333,FALSE,FALSE,FALSE,"ieu-a-835","2","8450123",0.0041,233877,0.4794,"Body mass index || id:ieu-a-835","Body mass index","Body mass index ||  || ",TRUE,"igd",8450123,0.000487585,"2",3.79997e-10,462933,"ukb-b-19732"," || id:ukb-b-19732",TRUE,"reported","igd",2,TRUE
"43","rs3775291","T","C","T","C",-0.00402589,-0.0048,0.297066,0.325,FALSE,FALSE,FALSE,"ieu-a-835","4","187004074",0.0041,233982,0.2417,"Body mass index || id:ieu-a-835","Body mass index","Body mass index ||  || ",TRUE,"igd",187004074,0.000484199,"4",9.20026e-17,462933,"ukb-b-19732"," || id:ukb-b-19732",TRUE,"reported","igd",2,TRUE
"44","rs3784099","A","G","A","G",-0.00321971,0.0049,0.28185,0.3083,FALSE,FALSE,FALSE,"ieu-a-835","14","68749927",0.0041,233908,0.232,"Body mass index || id:ieu-a-835","Body mass index","Body mass index ||  || ",TRUE,"igd",68749927,0.000491779,"14",5.90065e-11,462933,"ukb-b-19732"," || id:ukb-b-19732",TRUE,"reported","igd",2,TRUE
"45","rs4320727","A","G","A","G",0.00288931,0.0011,0.630129,0.6316,FALSE,FALSE,FALSE,"ieu-a-835","1","25351581",0.004,233439,0.7833,"Body mass index || id:ieu-a-835","Body mass index","Body mass index ||  || ",TRUE,"igd",25351581,0.000460637,"1",3.59998e-10,462933,"ukb-b-19732"," || id:ukb-b-19732",TRUE,"reported","igd",2,TRUE
"46","rs4409785","C","T","C","T",0.00679604,-0.0041,0.172636,0.1167,FALSE,FALSE,FALSE,"ieu-a-835","11","95311422",0.0054,220733,0.4477,"Body mass index || id:ieu-a-835","Body mass index","Body mass index ||  || ",TRUE,"igd",95311422,0.000586057,"11",4.30031e-31,462933,"ukb-b-19732"," || id:ukb-b-19732",TRUE,"reported","igd",2,TRUE
"47","rs4444866","T","C","T","C",-0.0033136,0.0013,0.276125,0.2583,FALSE,FALSE,FALSE,"ieu-a-835","4","40307533",0.0039,284112,0.7375,"Body mass index || id:ieu-a-835","Body mass index","Body mass index ||  || ",TRUE,"igd",40307533,0.000498229,"4",2.90001e-11,462933,"ukb-b-19732"," || id:ukb-b-19732",TRUE,"reported","igd",2,TRUE
"48","rs4794063","T","C","T","C",0.00398129,0.0105,0.257048,0.2667,FALSE,FALSE,FALSE,"ieu-a-835","17","45804494",0.0043,233865,0.01461,"Body mass index || id:ieu-a-835","Body mass index","Body mass index ||  || ",TRUE,"igd",45804494,0.000506566,"17",3.90032e-15,462933,"ukb-b-19732"," || id:ukb-b-19732",TRUE,"reported","igd",2,TRUE
"49","rs4804433","T","G","T","G",-0.00324888,-3e-04,0.785267,0.7583,FALSE,FALSE,FALSE,"ieu-a-835","19","7240776",0.0047,233229,0.9491,"Body mass index || id:ieu-a-835","Body mass index","Body mass index ||  || ",TRUE,"igd",7240776,0.000542233,"19",2.1e-09,462933,"ukb-b-19732"," || id:ukb-b-19732",TRUE,"reported","igd",2,TRUE
"50","rs4820437","C","T","C","T",-0.00290327,0.0086,0.225874,0.2417,FALSE,FALSE,FALSE,"ieu-a-835","22","41761290",0.0044,233988,0.0506396,"Body mass index || id:ieu-a-835","Body mass index","Body mass index ||  || ",TRUE,"igd",41761290,0.000531852,"22",4.79999e-08,462933,"ukb-b-19732"," || id:ukb-b-19732",TRUE,"reported","igd",2,TRUE
"51","rs4835536","T","G","T","G",-0.00638629,0.0013,0.212575,0.2083,FALSE,FALSE,FALSE,"ieu-a-835","4","149662857",0.0047,233941,0.782099,"Body mass index || id:ieu-a-835","Body mass index","Body mass index ||  || ",TRUE,"igd",149662857,0.000541609,"4",4.30031e-32,462933,"ukb-b-19732"," || id:ukb-b-19732",TRUE,"reported","igd",2,TRUE
"52","rs484959","C","T","C","T",0.00278593,-0.0029,0.53714,0.525,FALSE,FALSE,FALSE,"ieu-a-835","1","110366083",0.0031,320052,0.3516,"Body mass index || id:ieu-a-835","Body mass index","Body mass index ||  || ",TRUE,"igd",110366083,0.000443585,"1",3.40001e-10,462933,"ukb-b-19732"," || id:ukb-b-19732",TRUE,"reported","igd",2,TRUE
"53","rs5865","T","C","T","C",-0.00308507,-0.0057,0.664064,0.625,FALSE,FALSE,FALSE,"ieu-a-835","2","98373006",0.004,233798,0.1542,"Body mass index || id:ieu-a-835","Body mass index","Body mass index ||  || ",TRUE,"igd",98373006,0.000469079,"2",4.79954e-11,462933,"ukb-b-19732"," || id:ukb-b-19732",TRUE,"reported","igd",2,TRUE
"54","rs6111715","C","G","C","G",-0.003797,-0.0058,0.179577,0.225,FALSE,TRUE,FALSE,"ieu-a-835","20","17860022",0.0062,200645,0.3495,"Body mass index || id:ieu-a-835","Body mass index","Body mass index ||  || ",TRUE,"igd",17860022,0.000577376,"20",4.79954e-11,462933,"ukb-b-19732"," || id:ukb-b-19732",TRUE,"reported","igd",2,TRUE
"55","rs6452444","C","T","C","T",0.0029675,0.0093,0.757482,0.7583,FALSE,FALSE,FALSE,"ieu-a-835","5","71685736",0.0043,233972,0.0305598,"Body mass index || id:ieu-a-835","Body mass index","Body mass index ||  || ",TRUE,"igd",71685736,0.000519286,"5",1.09999e-08,462933,"ukb-b-19732"," || id:ukb-b-19732",TRUE,"reported","igd",2,TRUE
"56","rs6505765","G","C","G","C",0.00334114,-0.0116,0.343574,0.2917,FALSE,TRUE,FALSE,"ieu-a-835","18","12782849",0.004,233978,0.00373199,"Body mass index || id:ieu-a-835","Body mass index","Body mass index ||  || ",TRUE,"igd",12782849,0.000466559,"18",8.00018e-13,462933,"ukb-b-19732"," || id:ukb-b-19732",TRUE,"reported","igd",2,TRUE
"57","rs6603785","T","A","T","A",-0.00378166,-0.0075,0.130639,0.08333,FALSE,TRUE,FALSE,"ieu-a-835","1","1186502",0.0106,165964,0.4792,"Body mass index || id:ieu-a-835","Body mass index","Body mass index ||  || ",TRUE,"igd",1186502,0.000659273,"1",9.69996e-09,462933,"ukb-b-19732"," || id:ukb-b-19732",TRUE,"reported","igd",2,TRUE
"58","rs6739788","T","A","T","A",0.00562232,-0.0196,0.053827,0.025,FALSE,TRUE,FALSE,"ieu-a-835","2","55862355",0.0083,221984,0.0181999,"Body mass index || id:ieu-a-835","Body mass index","Body mass index ||  || ",TRUE,"igd",55862355,0.000980695,"2",9.90011e-09,462933,"ukb-b-19732"," || id:ukb-b-19732",TRUE,"reported","igd",2,TRUE
"59","rs6798068","A","G","A","G",0.00280101,-0.0072,0.321967,0.3167,FALSE,FALSE,FALSE,"ieu-a-835","3","108162362",0.0041,233959,0.0790697,"Body mass index || id:ieu-a-835","Body mass index","Body mass index ||  || ",TRUE,"igd",108162362,0.00047323,"3",3.2e-09,462933,"ukb-b-19732"," || id:ukb-b-19732",TRUE,"reported","igd",2,TRUE
"60","rs7005834","T","C","T","C",-0.00324353,-0.0026,0.307373,0.2917,FALSE,FALSE,FALSE,"ieu-a-835","8","134214204",0.0042,232451,0.5359,"Body mass index || id:ieu-a-835","Body mass index","Body mass index ||  || ",TRUE,"igd",134214204,0.0004786,"8",1.20005e-11,462933,"ukb-b-19732"," || id:ukb-b-19732",TRUE,"reported","igd",2,TRUE
"61","rs7090530","A","C","A","C",0.00415718,-0.0031,0.602142,0.6667,FALSE,FALSE,FALSE,"ieu-a-835","10","6110875",0.0038,233983,0.4146,"Body mass index || id:ieu-a-835","Body mass index","Body mass index ||  || ",TRUE,"igd",6110875,0.000452021,"10",3.69999e-20,462933,"ukb-b-19732"," || id:ukb-b-19732",TRUE,"reported","igd",2,TRUE
"62","rs7417283","T","C","T","C",0.0036161,-0.0063,0.811972,0.8417,FALSE,FALSE,FALSE,"ieu-a-835","1","108303686",0.0049,233697,0.1985,"Body mass index || id:ieu-a-835","Body mass index","Body mass index ||  || ",TRUE,"igd",108303686,0.000570336,"1",2.30001e-10,462933,"ukb-b-19732"," || id:ukb-b-19732",TRUE,"reported","igd",2,TRUE
"63","rs7441808","G","A","G","A",0.00391669,1e-04,0.30075,0.3583,FALSE,FALSE,FALSE,"ieu-a-835","4","26090375",0.0034,321464,0.9668,"Body mass index || id:ieu-a-835","Body mass index","Body mass index ||  || ",TRUE,"igd",26090375,0.000482599,"4",4.79954e-16,462933,"ukb-b-19732"," || id:ukb-b-19732",TRUE,"reported","igd",2,TRUE
"64","rs7582694","G","C","G","C",-0.00678342,-0.0033,0.77392,0.7917,FALSE,TRUE,FALSE,"ieu-a-835","2","191970120",0.0037,320568,0.3796,"Body mass index || id:ieu-a-835","Body mass index","Body mass index ||  || ",TRUE,"igd",191970120,0.000529838,"2",1.59993e-37,462933,"ukb-b-19732"," || id:ukb-b-19732",TRUE,"reported","igd",2,TRUE
"65","rs761357","T","A","T","A",0.00287595,0.0079,0.375258,0.3333,FALSE,TRUE,FALSE,"ieu-a-835","6","135902599",0.004,233323,0.0482703,"Body mass index || id:ieu-a-835","Body mass index","Body mass index ||  || ",TRUE,"igd",135902599,0.00045811,"6",3.40001e-10,462933,"ukb-b-19732"," || id:ukb-b-19732",TRUE,"reported","igd",2,TRUE
"66","rs7649344","C","T","C","T",-0.00261845,-0.0053,0.45693,0.475,FALSE,FALSE,FALSE,"ieu-a-835","3","37006396",0.0038,230307,0.1631,"Body mass index || id:ieu-a-835","Body mass index","Body mass index ||  || ",TRUE,"igd",37006396,0.000445129,"3",4e-09,462933,"ukb-b-19732"," || id:ukb-b-19732",TRUE,"reported","igd",2,TRUE
"67","rs7850258","G","A","G","A",0.00990366,-0.0021,0.668018,0.5667,FALSE,FALSE,FALSE,"ieu-a-835","9","100549013",0.004,234005,0.599601,"Body mass index || id:ieu-a-835","Body mass index","Body mass index ||  || ",TRUE,"igd",100549013,0.000470292,"9",1.9002e-98,462933,"ukb-b-19732"," || id:ukb-b-19732",TRUE,"reported","igd",2,TRUE
"68","rs7936397","A","G","A","G",-0.00293916,-0.0136,0.272579,0.225,FALSE,FALSE,FALSE,"ieu-a-835","11","577534",0.0044,233679,0.00199499,"Body mass index || id:ieu-a-835","Body mass index","Body mass index ||  || ",TRUE,"igd",577534,0.00049792,"11",3.59998e-09,462933,"ukb-b-19732"," || id:ukb-b-19732",TRUE,"reported","igd",2,TRUE
"69","rs8054578","G","A","G","A",-0.00341296,-0.0062,0.7744,0.7333,FALSE,FALSE,FALSE,"ieu-a-835","16","79316815",0.0044,231276,0.1588,"Body mass index || id:ieu-a-835","Body mass index","Body mass index ||  || ",TRUE,"igd",79316815,0.000530482,"16",1.2e-10,462933,"ukb-b-19732"," || id:ukb-b-19732",TRUE,"reported","igd",2,TRUE
"70","rs9291444","T","C","T","C",0.00374638,-0.0019,0.470541,0.4667,FALSE,FALSE,FALSE,"ieu-a-835","4","10713674",0.0038,232452,0.617101,"Body mass index || id:ieu-a-835","Body mass index","Body mass index ||  || ",TRUE,"igd",10713674,0.000444157,"4",3.29989e-17,462933,"ukb-b-19732"," || id:ukb-b-19732",TRUE,"reported","igd",2,TRUE
"71","rs9296009","T","A","T","A",0.00513778,0.0024,0.217204,0.2917,FALSE,TRUE,FALSE,"ieu-a-835","6","32114515",0.0047,232608,0.6096,"Body mass index || id:ieu-a-835","Body mass index","Body mass index ||  || ",TRUE,"igd",32114515,0.000535448,"6",8.4004e-22,462933,"ukb-b-19732"," || id:ukb-b-19732",TRUE,"reported","igd",2,TRUE
"72","rs9296079","T","G","T","G",-0.0110698,-0.0091,0.027354,0.0333,FALSE,FALSE,FALSE,"ieu-a-835","6","33072539",0.0112,228096,0.4165,"Body mass index || id:ieu-a-835","Body mass index","Body mass index ||  || ",TRUE,"igd",33072539,0.00134022,"6",1.50003e-16,462933,"ukb-b-19732"," || id:ukb-b-19732",TRUE,"reported","igd",2,TRUE
"73","rs9347170","T","C","T","C",-0.00560428,0.0047,0.336535,0.3667,FALSE,FALSE,FALSE,"ieu-a-835","6","167405187",0.004,233898,0.24,"Body mass index || id:ieu-a-835","Body mass index","Body mass index ||  || ",TRUE,"igd",167405187,0.000467668,"6",4.30031e-33,462933,"ukb-b-19732"," || id:ukb-b-19732",TRUE,"reported","igd",2,TRUE
"74","rs9357120","A","T","A","T",-0.00903943,-0.0075,0.276298,0.2083,FALSE,TRUE,FALSE,"ieu-a-835","6","31230717",0.0041,231811,0.0673597,"Body mass index || id:ieu-a-835","Body mass index","Body mass index ||  || ",TRUE,"igd",31230717,0.000493085,"6",4.60045e-75,462933,"ukb-b-19732"," || id:ukb-b-19732",TRUE,"reported","igd",2,TRUE
"75","rs9497965","T","C","T","C",0.00389414,0.0046,0.409445,0.4083,FALSE,FALSE,FALSE,"ieu-a-835","6","148521292",0.004,233818,0.2501,"Body mass index || id:ieu-a-835","Body mass index","Body mass index ||  || ",TRUE,"igd",148521292,0.000450902,"6",5.79963e-18,462933,"ukb-b-19732"," || id:ukb-b-19732",TRUE,"reported","igd",2,TRUE
"76","rs9562955","T","G","T","G",0.00443888,0.0042,0.084106,0.1083,FALSE,FALSE,FALSE,"ieu-a-835","13","50811155",0.0069,221130,0.5427,"Body mass index || id:ieu-a-835","Body mass index","Body mass index ||  || ",TRUE,"igd",50811155,0.000798598,"13",2.69998e-08,462933,"ukb-b-19732"," || id:ukb-b-19732",TRUE,"reported","igd",2,TRUE
"77","rs9697210","A","G","A","G",-0.00367578,-0.0101,0.145927,0.1552,FALSE,FALSE,FALSE,"ieu-a-835","9","131468740",0.0072,176485,0.1607,"Body mass index || id:ieu-a-835","Body mass index","Body mass index ||  || ",TRUE,"igd",131468740,0.00062854,"9",5e-09,462933,"ukb-b-19732"," || id:ukb-b-19732",TRUE,"reported","igd",2,TRUE
"78","rs970987","A","C","A","C",-0.00390066,6e-04,0.66298,0.6833,FALSE,FALSE,FALSE,"ieu-a-835","9","21585265",0.004,233786,0.8808,"Body mass index || id:ieu-a-835","Body mass index","Body mass index ||  || ",TRUE,"igd",21585265,0.000469713,"9",1e-16,462933,"ukb-b-19732"," || id:ukb-b-19732",TRUE,"reported","igd",2,TRUE
